Date,Ticker,Open,High,Low,Close,Adj Close,Volume
1/3/22,SPY,476.299988,477.850006,473.850006,477.709991,461.611755,72668200
1/4/22,SPY,479.220001,479.980011,475.579987,477.549988,461.457123,71178700
1/5/22,SPY,477.160004,477.980011,468.279999,468.380005,452.596191,104538900
1/6/22,SPY,467.890015,470.820007,465.429993,467.940002,452.171021,86858900
1/7/22,SPY,467.950012,469.200012,464.649994,466.089996,450.383331,85111600
1/10/22,SPY,462.700012,465.73999,456.600006,465.51001,449.822906,119362000
1/11/22,SPY,465.230011,469.850006,462.049988,469.75,453.920044,74303100
1/12/22,SPY,471.589996,473.200012,468.940002,471.019989,455.147217,67605400
1/13/22,SPY,472.190002,472.880005,463.440002,464.529999,448.875885,91173100
1/14/22,SPY,461.190002,465.089996,459.899994,464.720001,449.05957,95890900
1/18/22,SPY,459.73999,459.959991,455.309998,456.48999,441.106812,109709100
1/19/22,SPY,458.130005,459.609985,451.459991,451.75,436.526581,109357600
1/20/22,SPY,453.75,458.73999,444.5,446.75,431.695099,122379700
1/21/22,SPY,445.559998,448.059998,437.950012,437.980011,423.220612,202271200
1/24/22,SPY,432.029999,440.380005,420.76001,439.839996,425.017883,251783900
1/25/22,SPY,433.059998,439.720001,427.149994,434.470001,419.828949,167997300
1/26/22,SPY,440.720001,444.040009,428.859985,433.380005,418.775665,186391100
1/27/22,SPY,438.26001,441.589996,429.450012,431.23999,416.707733,149878300
1/28/22,SPY,432.679993,442,427.820007,441.950012,427.056854,164457400
1/31/22,SPY,441.23999,450.279999,439.809998,449.910004,434.748627,152251400
2/1/22,SPY,450.679993,453.630005,446.940002,452.950012,437.686157,123155400
2/2/22,SPY,455.5,458.119995,453.049988,457.350006,441.937866,117361000
2/3/22,SPY,450.950012,452.970001,445.709991,446.600006,431.550079,118024400
2/4/22,SPY,446.350006,452.779999,443.829987,448.700012,433.579346,118454400
2/7/22,SPY,449.51001,450.98999,445.850006,447.26001,432.187897,84472900
2/8/22,SPY,446.730011,451.920013,445.220001,450.940002,435.743835,81012000
2/9/22,SPY,455.220001,457.880005,455.01001,457.540009,442.12149,92589900
2/10/22,SPY,451.339996,457.709991,447.200012,449.320007,434.178497,140103700
2/11/22,SPY,449.410004,451.609985,438.940002,440.459991,425.617035,153214600
2/14/22,SPY,439.920013,441.600006,435.339996,439.019989,424.225555,123006300
2/15/22,SPY,443.730011,446.279999,443.179993,446.100006,431.066986,88482700
2/16/22,SPY,443.929993,448.059998,441.940002,446.600006,431.550079,84863600
2/17/22,SPY,443.220001,446.570007,436.420013,437.059998,422.331604,102259100
2/18/22,SPY,437.329987,438.660004,431.820007,434.230011,419.596985,132642900
2/22/22,SPY,431.890015,435.5,425.859985,429.570007,415.093994,124391800
2/23/22,SPY,432.660004,433.26001,421.350006,421.950012,407.730835,132578000
2/24/22,SPY,411.019989,428.76001,410.640015,428.299988,413.866821,213942900
2/25/22,SPY,429.609985,437.839996,427.859985,437.75,422.998352,121804500
2/28/22,SPY,432.029999,438.200012,430.700012,436.630005,421.916138,145615000
3/1/22,SPY,435.040009,437.170013,427.109985,429.980011,415.490234,137785900
3/2/22,SPY,432.369995,439.720001,431.570007,437.890015,423.133636,117726500
3/3/22,SPY,440.470001,441.109985,433.799988,435.709991,421.027161,105501700
3/4/22,SPY,431.75,433.369995,427.880005,432.170013,417.606445,113978200
3/7/22,SPY,431.549988,432.299988,419.359985,419.429993,405.295715,137896600
3/8/22,SPY,419.619995,427.209991,415.119995,416.25,402.2229,164772700
3/9/22,SPY,425.140015,429.51001,422.820007,427.410004,413.006805,116990800
3/10/22,SPY,422.519989,426.429993,420.440002,425.480011,411.141907,93972700
3/11/22,SPY,428.119995,428.769989,419.529999,420.070007,405.914124,95636300
3/14/22,SPY,420.890015,424.549988,415.790009,417,402.947632,95729200
3/15/22,SPY,419.769989,426.839996,418.420013,426.170013,411.808563,106219100
3/16/22,SPY,429.890015,435.679993,424.799988,435.619995,420.940186,144954800
3/17/22,SPY,433.589996,441.070007,433.190002,441.070007,426.206512,102676900
3/18/22,SPY,438,444.859985,437.220001,444.519989,430.874603,106345500
3/21/22,SPY,444.339996,446.459991,440.679993,444.390015,430.748657,88349800
3/22/22,SPY,445.859985,450.579987,445.859985,449.589996,435.789001,74650400
3/23/22,SPY,446.910004,448.48999,443.709991,443.799988,430.176758,79426100
3/24/22,SPY,445.940002,450.5,444.76001,450.48999,436.661377,64736900
3/25/22,SPY,451.160004,452.980011,448.429993,452.690002,438.793823,77101300
3/28/22,SPY,452.059998,455.910004,450.059998,455.910004,441.914978,68529800
3/29/22,SPY,460.019989,462.070007,457.179993,461.549988,447.381836,86581500
3/30/22,SPY,460.339996,461.200012,456.470001,458.700012,444.619385,79666900
3/31/22,SPY,457.890015,458.76001,451.160004,451.640015,437.776093,121699900
4/1/22,SPY,453.309998,453.459991,449.140015,452.920013,439.016815,89048800
4/4/22,SPY,453.130005,456.910004,452.26001,456.799988,442.777649,59601000
4/5/22,SPY,455.220001,457.829987,449.820007,451.029999,437.184814,74214500
4/6/22,SPY,446.890015,448.929993,443.470001,446.519989,432.813232,106898000
4/7/22,SPY,445.589996,450.690002,443.529999,448.769989,434.994171,78097200
4/8/22,SPY,447.970001,450.630005,445.940002,447.570007,433.831024,79272700
4/11/22,SPY,444.109985,445,439.390015,439.920013,426.415863,89770500
4/12/22,SPY,443.079987,445.75,436.649994,438.290009,424.835907,84363600
4/13/22,SPY,438.029999,444.109985,437.839996,443.309998,429.701752,74070400
4/14/22,SPY,443.549988,444.730011,437.679993,437.790009,424.351257,97869500
4/18/22,SPY,436.809998,439.75,435.609985,437.970001,424.525696,66002500
4/19/22,SPY,437.859985,445.799988,437.679993,445.040009,431.378662,77821000
4/20/22,SPY,446.920013,447.570007,443.480011,444.709991,431.058838,65224400
4/21/22,SPY,448.540009,450.01001,437.100006,438.059998,424.612946,85417300
4/22/22,SPY,436.910004,438.079987,425.440002,426.040009,412.961914,132471800
4/25/22,SPY,423.670013,428.690002,418.839996,428.51001,415.35614,119647700
4/26/22,SPY,425.829987,426.040009,416.070007,416.100006,403.327057,103996300
4/27/22,SPY,417.23999,422.920013,415.01001,417.269989,404.461121,122030000
4/28/22,SPY,422.290009,429.640015,417.600006,427.809998,414.677582,105449100
4/29/22,SPY,423.589996,425.869995,411.209991,412,399.352875,145491100
5/2/22,SPY,412.070007,415.920013,405.019989,414.480011,401.756775,158312500
5/3/22,SPY,415.01001,418.929993,413.359985,416.380005,403.59845,100028200
5/4/22,SPY,417.079987,429.660004,413.709991,429.059998,415.889221,144247900
5/5/22,SPY,424.549988,425,409.440002,413.809998,401.10733,172929100
5/6/22,SPY,411.100006,414.799988,405.730011,411.339996,398.713135,151770800
5/9/22,SPY,405.100006,406.410004,396.5,398.170013,385.947418,155586100
5/10/22,SPY,404.48999,406.079987,394.820007,399.089996,386.839172,132497200
5/11/22,SPY,398.070007,404.040009,391.959991,392.75,380.693787,142361000
5/12/22,SPY,389.369995,395.799988,385.149994,392.339996,380.296356,125090800
5/13/22,SPY,396.709991,403.179993,395.609985,401.720001,389.388489,104174400
5/16/22,SPY,399.980011,403.970001,397.600006,400.089996,387.808502,78622400
5/17/22,SPY,406.529999,408.570007,402.579987,408.320007,395.785858,83029700
5/18/22,SPY,403.5,403.799988,390.549988,391.859985,379.831085,117674500
5/19/22,SPY,388.619995,394.140015,387.109985,389.459991,377.504791,98510700
5/20/22,SPY,393.25,397.029999,380.540009,389.630005,377.669586,131432200
5/23/22,SPY,392.829987,397.730011,390.380005,396.920013,384.73584,76414900
5/24/22,SPY,392.559998,395.149994,386.959991,393.890015,381.798859,91448800
5/25/22,SPY,392.309998,399.450012,391.890015,397.369995,385.171967,91472900
5/26/22,SPY,398.670013,407.040009,398.450012,405.309998,392.868225,82168300
5/27/22,SPY,407.910004,415.380005,407.700012,415.26001,402.512878,84768700
5/31/22,SPY,413.549988,416.459991,410.029999,412.929993,400.254333,95937000
6/1/22,SPY,415.170013,416.23999,406.929993,409.589996,397.016846,86585800
6/2/22,SPY,409.420013,417.440002,407.040009,417.390015,404.577423,79609600
6/3/22,SPY,412.399994,414.040009,409.51001,410.540009,397.937714,71874300
6/6/22,SPY,414.779999,416.609985,410.549988,411.790009,399.149323,57508900
6/7/22,SPY,408.100006,416.220001,407.609985,415.73999,402.978058,59272400
6/8/22,SPY,413.929993,415.820007,410.380005,411.220001,398.596832,64350000
6/9/22,SPY,409.339996,411.73999,401.440002,401.440002,389.117035,86289800
6/10/22,SPY,394.880005,395.779999,389.75,389.799988,377.834351,132893900
6/13/22,SPY,379.850006,381.809998,373.299988,375,363.488708,170004900
6/14/22,SPY,376.850006,377.940002,370.589996,373.869995,362.393341,104011800
6/15/22,SPY,377.359985,383.899994,372.119995,379.200012,367.559753,125666800
6/16/22,SPY,370.51001,370.940002,364.079987,366.649994,355.394989,134473300
6/17/22,SPY,365.51001,369.380005,362.170013,365.859985,356.161163,111113900
6/21/22,SPY,371.890015,376.529999,371.809998,375.070007,365.126984,76811900
6/22/22,SPY,370.619995,378.720001,370.179993,374.390015,364.465027,90059400
6/23/22,SPY,376.640015,378.829987,372.890015,378.059998,368.03775,79292100
6/24/22,SPY,381.399994,390.089996,381.369995,390.079987,379.739075,98050300
6/27/22,SPY,391.049988,391.359985,387.440002,388.589996,378.288635,66009600
6/28/22,SPY,390.230011,393.160004,380.529999,380.649994,370.559082,86548900
6/29/22,SPY,381.230011,382.269989,378.420013,380.339996,370.257294,65676000
6/30/22,SPY,376.23999,380.660004,372.559998,377.25,367.249207,112508300
7/1/22,SPY,376.559998,381.700012,373.799988,381.23999,371.133392,74839700
7/5/22,SPY,375.880005,381.980011,372.899994,381.959991,371.834381,81438000
7/6/22,SPY,382.109985,385.869995,379.600006,383.25,373.090118,70426200
7/7/22,SPY,385.119995,389.829987,383.269989,388.98999,378.677948,64525900
7/8/22,SPY,387.269989,390.640015,385.660004,388.670013,378.366486,72397800
7/11/22,SPY,385.850006,386.869995,383.5,384.230011,374.044189,58366900
7/12/22,SPY,383.649994,386.160004,378.98999,380.829987,370.734283,62219200
7/13/22,SPY,375.100006,381.920013,374.660004,378.829987,368.787292,84224600
7/14/22,SPY,373.609985,379.049988,371.040009,377.910004,367.891693,89704800
7/15/22,SPY,382.549988,385.25,380.540009,385.130005,374.920288,79060400
7/18/22,SPY,388.380005,389.089996,380.660004,381.950012,371.824615,63203600
7/19/22,SPY,386.079987,392.869995,385.390015,392.269989,381.871002,78506000
7/20/22,SPY,392.470001,396.26001,391.029999,394.769989,384.304749,71843800
7/21/22,SPY,394.160004,398.839996,391.630005,398.790009,388.218201,64903900
7/22/22,SPY,398.920013,400.179993,392.75,395.089996,384.616302,72197300
7/25/22,SPY,395.75,396.470001,393.209991,395.570007,385.083557,53631500
7/26/22,SPY,393.839996,394.059998,389.950012,390.890015,380.527649,52946400
7/27/22,SPY,394.359985,402.880005,394.049988,401.040009,390.408508,82342100
7/28/22,SPY,401.890015,406.799988,398.149994,406.070007,395.305176,73966600
7/29/22,SPY,407.579987,413.029999,406.769989,411.98999,401.068268,87003700
8/1/22,SPY,409.149994,413.410004,408.399994,410.769989,399.880615,69997500
8/2/22,SPY,409.119995,413,406.820007,408.059998,397.242462,63435400
8/3/22,SPY,410.299988,415.679993,410,414.450012,403.463074,67820600
8/4/22,SPY,414.369995,415.089996,412.440002,414.170013,403.19046,45656600
8/5/22,SPY,409.660004,414.149994,409.600006,413.470001,402.509033,56814900
8/8/22,SPY,415.25,417.619995,411.829987,412.98999,402.041718,53886100
8/9/22,SPY,412.220001,412.75,410.220001,411.350006,400.445221,44931800
8/10/22,SPY,418.779999,420.140015,416.720001,419.98999,408.856201,68665700
8/11/22,SPY,422.98999,424.950012,419.209991,419.98999,408.856201,59489700
8/12/22,SPY,422.029999,427.209991,421.029999,427.100006,415.77771,61694500
8/15/22,SPY,424.769989,429.410004,424.709991,428.859985,417.491058,54048300
8/16/22,SPY,427.730011,431.730011,426.880005,429.700012,418.308746,59289000
8/17/22,SPY,425.910004,429.5,424.540009,426.649994,415.3396,63563400
8/18/22,SPY,426.859985,428.609985,425.5,427.890015,416.546753,49023200
8/19/22,SPY,424.980011,425.26001,421.220001,422.140015,410.949219,68016900
8/22/22,SPY,417.049988,417.230011,412.399994,413.350006,402.392212,77695600
8/23/22,SPY,412.899994,415.420013,411.769989,412.350006,401.418732,49105200
8/24/22,SPY,412.109985,415.109985,411.390015,413.670013,402.703705,49177800
8/25/22,SPY,415.23999,419.559998,414.089996,419.51001,408.388885,50942300
8/26/22,SPY,419.390015,419.959991,405.25,405.309998,394.565308,103087000
8/29/22,SPY,402.200012,405.839996,401.200012,402.630005,391.95639,65370800
8/30/22,SPY,403.850006,404.100006,396,398.209991,387.653534,85652400
8/31/22,SPY,399.929993,401.23999,395.040009,395.179993,384.703888,76029700
9/1/22,SPY,392.890015,396.779999,390.040009,396.420013,385.911011,78740100
9/2/22,SPY,400.279999,401.559998,390.329987,392.23999,381.841797,99632100
9/6/22,SPY,393.130005,394.119995,388.420013,390.76001,380.401093,76637400
9/7/22,SPY,390.429993,398.589996,390.200012,397.779999,387.234955,70964200
9/8/22,SPY,395.390015,400.859985,394.119995,400.380005,389.766022,80821700
9/9/22,SPY,402.73999,407.51001,402.459991,406.600006,395.821136,76706900
9/12/22,SPY,408.779999,411.730011,408.459991,410.970001,400.075317,69256300
9/13/22,SPY,401.829987,403.100006,391.920013,393.100006,382.679016,122947100
9/14/22,SPY,394.470001,396.200012,391.119995,394.600006,384.139252,85023700
9/15/22,SPY,392.959991,395.959991,388.779999,390.119995,379.778015,87633800
9/16/22,SPY,384.140015,386.25,382.109985,385.559998,376.880707,103084800
9/19/22,SPY,382.26001,388.549988,382.179993,388.549988,379.803436,73278500
9/20/22,SPY,385.059998,386.119995,381.200012,384.089996,375.443848,77274900
9/21/22,SPY,386.109985,389.309998,377.380005,377.390015,368.894653,106746600
9/22/22,SPY,376.579987,378.299988,373.440002,374.220001,365.796021,89472600
9/23/22,SPY,370.579987,370.619995,363.290009,367.950012,359.667145,122346900
9/26/22,SPY,366.410004,370.209991,363.029999,364.309998,356.10907,92581200
9/27/22,SPY,368.019989,370.399994,360.869995,363.380005,355.200043,108294100
9/28/22,SPY,364.380005,372.299988,362.600006,370.529999,362.189056,110802200
9/29/22,SPY,366.809998,367.109985,359.700012,362.790009,354.623322,112952300
9/30/22,SPY,361.799988,365.910004,357.040009,357.179993,349.139587,153711200
10/3/22,SPY,361.079987,368.549988,359.209991,366.609985,358.357269,89756500
10/4/22,SPY,372.399994,378,366.570007,377.970001,369.461609,103602800
10/5/22,SPY,373.390015,379.459991,370.950012,377.089996,368.601349,88065700
10/6/22,SPY,375.619995,378.720001,372.679993,373.200012,364.798981,82333500
10/7/22,SPY,368.970001,373.290009,360.940002,362.790009,354.623322,107789500
10/10/22,SPY,363.959991,364.209991,357.670013,360.019989,351.915649,76042800
10/11/22,SPY,358.23999,363.029999,355.709991,357.73999,349.686981,92482800
10/12/22,SPY,358.170013,359.820007,356.299988,356.559998,348.533508,76991800
10/13/22,SPY,349.209991,367.51001,348.109985,365.970001,357.73172,147254500
10/14/22,SPY,368.549988,370.26001,356.959991,357.630005,349.579468,123737000
10/17/22,SPY,364.01001,367.980011,357.279999,366.820007,358.562592,93168200
10/18/22,SPY,375.130005,375.450012,367.519989,371.130005,362.775543,97162900
10/19/22,SPY,368.98999,371.850006,365.549988,368.5,360.204773,79746900
10/20/22,SPY,368.029999,372.670013,364.609985,365.410004,357.184357,88283100
10/21/22,SPY,365.119995,374.799988,363.540009,374.290009,365.864441,131038400
10/24/22,SPY,375.890015,380.059998,373.109985,378.869995,370.341339,85436900
10/25/22,SPY,378.790009,385.25,378.670013,384.920013,376.255188,78846300
10/26/22,SPY,381.619995,387.579987,381.350006,382.019989,373.420441,104087300
10/27/22,SPY,383.070007,385,379.329987,379.980011,371.426361,81971800
10/28/22,SPY,379.869995,389.519989,379.679993,389.019989,380.262848,100302000
10/31/22,SPY,386.440002,388.399994,385.26001,386.209991,377.516083,96631300
11/1/22,SPY,390.140015,390.390015,383.290009,384.519989,375.864136,85407600
11/2/22,SPY,383.899994,388.630005,374.76001,374.869995,366.431366,126990400
11/3/22,SPY,371.470001,374.200012,368.790009,371.01001,362.658264,87100100
11/4/22,SPY,377,378.869995,370,376.350006,367.878082,103505200
11/7/22,SPY,377.709991,380.570007,375.529999,379.950012,371.397064,68286900
11/8/22,SPY,381.109985,385.119995,377.720001,382,373.400848,84641100
11/9/22,SPY,379.929993,381.140015,373.609985,374.130005,365.708038,78495500
11/10/22,SPY,388.049988,395.040009,385.640015,394.690002,385.805206,141455800
11/11/22,SPY,395.589996,399.350006,393.609985,398.51001,389.539246,93839900
11/14/22,SPY,396.660004,400.179993,394.829987,395.119995,386.225525,71903500
11/15/22,SPY,401.149994,402.309998,394.48999,398.48999,389.519623,93194500
11/16/22,SPY,396.779999,397.779999,394.790009,395.450012,386.548157,68508500
11/17/22,SPY,390.459991,394.950012,390.140015,394.23999,385.365356,74496300
11/18/22,SPY,397.73999,397.809998,393.040009,396.029999,387.115021,92922500
11/21/22,SPY,394.640015,395.820007,392.660004,394.589996,385.707489,51243200
11/22/22,SPY,396.630005,400.070007,395.149994,399.899994,390.897888,60429000
11/23/22,SPY,399.549988,402.929993,399.309998,402.420013,393.361237,68261600
11/25/22,SPY,401.829987,402.910004,401.540009,402.329987,393.273224,30545400
11/28/22,SPY,399.089996,400.809998,395.109985,395.910004,386.997742,67881600
11/29/22,SPY,396.049988,397.299988,393.299988,395.230011,386.333069,52310000
11/30/22,SPY,395.48999,407.679993,393.480011,407.679993,398.502808,144566700
12/1/22,SPY,408.769989,410,404.75,407.380005,398.209564,76398200
12/2/22,SPY,402.25,407.859985,402.140015,406.910004,397.750092,85342700
12/5/22,SPY,403.950012,404.929993,398.170013,399.589996,390.59491,77289800
12/6/22,SPY,399.420013,399.98999,391.640015,393.829987,384.964508,77972200
12/7/22,SPY,392.940002,395.640015,391.970001,393.160004,384.309662,65927900
12/8/22,SPY,395.140015,397.359985,393.269989,396.23999,387.320282,60737900
12/9/22,SPY,394.940002,397.619995,393.149994,393.279999,384.426971,81447700
12/12/22,SPY,394.109985,398.950012,393.410004,398.950012,389.96936,75405800
12/13/22,SPY,410.220001,410.48999,399.070007,401.970001,392.921295,123782500
12/14/22,SPY,401.609985,405.5,396.309998,399.399994,390.40918,108111300
12/15/22,SPY,394.299988,395.25,387.890015,389.630005,380.859131,117705900
12/16/22,SPY,385.179993,386.579987,381.040009,383.269989,376.36264,119858000
12/19/22,SPY,383.470001,383.820007,378.279999,380.019989,373.171204,79878100
12/20/22,SPY,379.230011,382.230011,377.850006,380.540009,373.681824,74427200
12/21/22,SPY,383.25,387.410004,382.690002,386.230011,379.269318,78167400
12/22/22,SPY,383.049988,386.209991,374.769989,380.720001,373.858612,100120900
12/23/22,SPY,379.649994,383.059998,378.029999,382.910004,376.009155,59857300
12/27/22,SPY,382.790009,383.149994,379.649994,381.399994,374.526337,51638200
12/28/22,SPY,381.329987,383.390015,376.420013,376.660004,369.871796,70911500
12/29/22,SPY,379.630005,384.350006,379.079987,383.440002,376.529572,66970900
12/30/22,SPY,380.640015,382.579987,378.429993,382.429993,375.537811,84022200
1/3/23,SPY,384.369995,386.429993,377.829987,380.820007,373.956787,74850700
1/4/23,SPY,383.179993,385.880005,380,383.76001,376.843842,85934100
1/5/23,SPY,381.720001,381.839996,378.76001,379.380005,372.542786,76970500
1/6/23,SPY,382.609985,389.25,379.410004,388.079987,381.085968,104189600
1/9/23,SPY,390.369995,393.700012,387.670013,387.859985,380.869904,73978100
1/10/23,SPY,387.25,390.649994,386.269989,390.579987,383.540894,65358100
1/11/23,SPY,392.230011,395.600006,391.380005,395.519989,388.391815,68881100
1/12/23,SPY,396.670013,398.48999,392.420013,396.959991,389.805908,90157700
1/13/23,SPY,393.619995,399.100006,393.339996,398.5,391.318176,63903900
1/17/23,SPY,398.480011,400.230011,397.059998,397.769989,390.601318,62677300
1/18/23,SPY,399.01001,400.119995,391.279999,391.48999,384.434479,99632300
1/19/23,SPY,389.359985,391.079987,387.26001,388.640015,381.635895,86958900
1/20/23,SPY,390.100006,396.040009,388.380005,395.880005,388.745392,91806400
1/23/23,SPY,396.720001,402.649994,395.720001,400.630005,393.40979,84178800
1/24/23,SPY,398.880005,401.149994,397.640015,400.200012,392.987518,59524900
1/25/23,SPY,395.950012,400.700012,393.559998,400.350006,393.134827,84800300
1/26/23,SPY,403.130005,404.920013,400.029999,404.75,397.455505,72287400
1/27/23,SPY,403.660004,408.160004,403.440002,405.679993,398.368774,68346200
1/30/23,SPY,402.799988,405.130005,400.279999,400.589996,393.370483,74202000
1/31/23,SPY,401.130005,406.529999,400.769989,406.480011,399.154388,86811800
2/1/23,SPY,405.209991,413.670013,402.350006,410.799988,403.396484,101459200
2/2/23,SPY,414.859985,418.309998,412.880005,416.779999,409.268738,101654500
2/3/23,SPY,411.589996,416.970001,411.089996,412.350006,404.91861,94736800
2/6/23,SPY,409.790009,411.290009,408.100006,409.829987,402.44397,60295300
2/7/23,SPY,408.869995,416.48999,407.570007,415.190002,407.707367,90990700
2/8/23,SPY,413.130005,414.529999,409.929993,410.649994,403.249207,76227500
2/9/23,SPY,414.410004,414.570007,405.809998,407.089996,399.753387,78694900
2/10/23,SPY,405.859985,408.440002,405.01001,408.040009,400.686279,70769700
2/13/23,SPY,408.720001,412.970001,408.23999,412.829987,405.389893,64913500
2/14/23,SPY,411.23999,415.049988,408.51001,412.640015,405.203339,88389300
2/15/23,SPY,410.350006,414.059998,409.470001,413.980011,406.519196,61555700
2/16/23,SPY,408.790009,412.910004,408.140015,408.279999,400.921906,76431500
2/17/23,SPY,406.059998,407.51001,404.049988,407.26001,399.920319,89257800
2/21/23,SPY,403.059998,404.160004,398.820007,399.089996,391.897522,82655900
2/22/23,SPY,399.519989,401.130005,397.019989,398.540009,391.357452,83742300
2/23/23,SPY,401.559998,402.200012,396.25,400.660004,393.43924,96242400
2/24/23,SPY,395.420013,397.25,393.640015,396.380005,389.236359,108194400
2/27/23,SPY,399.869995,401.290009,396.75,397.730011,390.562042,80444700
2/28/23,SPY,397.230011,399.279999,396.149994,396.26001,389.118561,96438600
3/1/23,SPY,395.410004,396.690002,393.380005,394.73999,387.625916,99706800
3/2/23,SPY,392.679993,398.690002,392.329987,397.809998,390.640625,85127800
3/3/23,SPY,399.709991,404.450012,399.029999,404.190002,396.905609,90120000
3/6/23,SPY,405.049988,407.450012,404.01001,404.470001,397.180542,72795900
3/7/23,SPY,404.420013,404.670013,397.630005,398.269989,391.092285,108310600
3/8/23,SPY,398.390015,399.709991,396.589996,398.920013,391.730591,74746600
3/9/23,SPY,399.73999,401.480011,390.529999,391.559998,384.503265,111945300
3/10/23,SPY,390.98999,393.160004,384.320007,385.910004,378.955078,189253000
3/13/23,SPY,381.809998,390.390015,380.649994,385.359985,378.414978,157790000
3/14/23,SPY,390.5,393.450012,387.049988,391.730011,384.670166,149752400
3/15/23,SPY,385.890015,389.48999,383.709991,389.279999,382.264343,172996900
3/16/23,SPY,386.820007,396.470001,386.290009,396.109985,388.971222,143254200
3/17/23,SPY,393.220001,394.399994,388.549988,389.98999,384.423096,140553400
3/20/23,SPY,390.799988,394.170013,390.070007,393.73999,388.119568,93055800
3/21/23,SPY,397.23999,399.410004,395.579987,398.910004,393.215759,91524200
3/22/23,SPY,398.730011,402.48999,392.070007,392.109985,386.512848,111746600
3/23/23,SPY,395.089996,399.290009,390.350006,393.170013,387.557709,119351300
3/24/23,SPY,391.839996,395.839996,389.399994,395.75,390.100891,107682400
3/27/23,SPY,398.119995,398.920013,395.559998,396.48999,390.830322,74010400
3/28/23,SPY,395.769989,396.48999,393.690002,395.600006,389.953033,62871700
3/29/23,SPY,399.929993,401.600006,398.679993,401.350006,395.620941,77497900
3/30/23,SPY,404.089996,404.350006,401.76001,403.700012,397.937408,69840000
3/31/23,SPY,404.660004,409.700012,404.549988,409.390015,403.546173,112062600
4/3/23,SPY,408.850006,411.369995,408.440002,410.950012,405.083923,67391100
4/4/23,SPY,411.619995,411.920013,407.23999,408.670013,402.836517,66601500
4/5/23,SPY,407.910004,408.700012,405.880005,407.600006,401.781769,65200200
4/6/23,SPY,406.769989,409.480011,405.679993,409.190002,403.34906,63743300
4/10/23,SPY,406.609985,409.690002,405.970001,409.609985,403.763031,63681000
4/11/23,SPY,410.26001,411.179993,408.920013,409.720001,403.87146,59297900
4/12/23,SPY,411.869995,412.170013,407.440002,408.049988,402.225311,86420400
4/13/23,SPY,409.179993,413.839996,407.98999,413.470001,407.567963,85814800
4/14/23,SPY,412.809998,415.089996,410.059998,412.459991,406.572357,78161500
4/17/23,SPY,412.369995,413.959991,411.089996,413.940002,408.031281,66436400
4/18/23,SPY,415.579987,415.720001,412.779999,414.209991,408.297394,63560000
4/19/23,SPY,412.220001,415.079987,412.160004,414.140015,408.228394,55227300
4/20/23,SPY,411.209991,413.700012,410.269989,411.880005,406.000641,75840400
4/21/23,SPY,412.190002,412.679993,410.170013,412.200012,406.316071,73457400
4/24/23,SPY,411.98999,413.070007,410.600006,412.630005,406.73996,64332100
4/25/23,SPY,410.579987,411.160004,406.019989,406.079987,400.283447,97766700
4/26/23,SPY,406.720001,407.839996,403.779999,404.359985,398.587952,80447000
4/27/23,SPY,407,412.690002,406.73999,412.410004,406.523071,92968400
4/28/23,SPY,411.48999,415.940002,411.429993,415.929993,409.992798,89335600
5/1/23,SPY,415.470001,417.619995,415.269989,415.51001,409.578827,62122300
5/2/23,SPY,414.769989,414.820007,407.820007,410.839996,404.975525,103998500
5/3/23,SPY,411.359985,413.869995,407.769989,408.019989,402.19574,91531800
5/4/23,SPY,406.929993,407.269989,403.73999,405.130005,399.347015,94901900
5/5/23,SPY,408.910004,413.720001,408.640015,412.630005,406.73996,87844000
5/8/23,SPY,412.970001,413.23999,411.279999,412.73999,406.848328,50046800
5/9/23,SPY,411.130005,412.089996,410.690002,410.929993,405.064209,49220100
5/10/23,SPY,413.880005,414.540009,408.869995,412.850006,406.956818,96142900
5/11/23,SPY,411.950012,412.429993,409.970001,412.130005,406.24704,70157100
5/12/23,SPY,413.420013,413.640015,409.070007,411.589996,405.714783,70439400
5/15/23,SPY,412.220001,413.429993,410.230011,413.01001,407.114502,54289400
5/16/23,SPY,411.859985,412.820007,410.23999,410.25,404.39389,57705500
5/17/23,SPY,412.350006,415.859985,410.640015,415.230011,409.302826,87287000
5/18/23,SPY,414.899994,419.670013,414.670013,419.230011,413.245758,97177200
5/19/23,SPY,420.170013,420.720001,417.350006,418.619995,412.64444,103679700
5/22/23,SPY,418.640015,420.390015,417.350006,418.790009,412.812042,60745400
5/23/23,SPY,417.079987,418.720001,413.679993,414.089996,408.179138,86383500
5/24/23,SPY,412.420013,412.820007,409.880005,411.089996,405.221924,89213700
5/25/23,SPY,414.73999,416.160004,412.410004,414.649994,408.731079,90961600
5/26/23,SPY,415.329987,420.769989,415.25,420.019989,414.024445,93830000
5/30/23,SPY,422.029999,422.579987,418.73999,420.179993,414.18219,72216000
5/31/23,SPY,418.279999,419.220001,416.220001,417.850006,411.885437,110811800
6/1/23,SPY,418.089996,422.920013,416.790009,421.820007,415.798767,88865000
6/2/23,SPY,424.5,428.73999,423.950012,427.920013,421.811707,91366700
6/5/23,SPY,428.279999,429.619995,426.369995,427.100006,421.003418,65460200
6/6/23,SPY,426.670013,428.579987,425.98999,428.029999,421.920135,64022200
6/7/23,SPY,428.440002,429.619995,426.109985,426.549988,420.461212,85373300
6/8/23,SPY,426.619995,429.600006,425.820007,429.130005,423.004425,61952800
6/9/23,SPY,429.959991,431.98999,428.869995,429.899994,423.763397,85742800
6/12/23,SPY,430.920013,433.880005,430.170013,433.799988,427.607758,76104300
6/13/23,SPY,435.320007,437.329987,434.630005,436.660004,430.426941,95899700
6/14/23,SPY,437.01001,439.059998,433.589996,437.179993,430.939484,100612100
6/15/23,SPY,436.329987,443.899994,436.230011,442.600006,436.282135,110303100
6/16/23,SPY,443.019989,443.609985,438.970001,439.459991,434.796082,114121300
6/20/23,SPY,437.450012,438.369995,435.029999,437.179993,432.540253,76160400
6/21/23,SPY,436.160004,436.98999,434.329987,434.940002,430.324066,76982300
6/22/23,SPY,433.950012,436.619995,433.600006,436.51001,431.877411,70637200
6/23/23,SPY,432.929993,435.059998,432.470001,433.209991,428.612396,92074500
6/26/23,SPY,432.619995,434.609985,431.190002,431.440002,426.861206,72823600
6/27/23,SPY,432.350006,436.809998,431.880005,436.170013,431.541016,72813700
6/28/23,SPY,435.049988,437.440002,434.410004,436.390015,431.758698,75636000
6/29/23,SPY,435.959991,438.279999,435.540009,438.109985,433.460388,67882300
6/30/23,SPY,441.440002,444.299988,441.109985,443.279999,438.575531,104921500
7/3/23,SPY,442.920013,444.079987,442.630005,443.790009,439.080139,32793400
7/5/23,SPY,441.910004,443.890015,441.899994,443.130005,438.427124,58418400
7/6/23,SPY,439.420013,440.100006,437.059998,439.660004,434.993958,80658300
7/7/23,SPY,438.630005,442.640015,438.299988,438.549988,433.895721,86076100
7/10/23,SPY,438.179993,439.839996,437.589996,439.660004,434.993958,62443500
7/11/23,SPY,440.450012,442.970001,439.440002,442.459991,437.764221,64463800
7/12/23,SPY,446.390015,447.480011,444.910004,446.019989,441.286438,91924500
7/13/23,SPY,447.899994,450.380005,447.450012,449.559998,444.788879,72425200
7/14/23,SPY,450.480011,451.359985,448.48999,449.279999,444.511871,69761800
7/17/23,SPY,449.130005,451.929993,449.079987,450.839996,446.055267,52680200
7/18/23,SPY,450.5,454.859985,450.049988,454.190002,449.369751,80744400
7/19/23,SPY,455.01001,456.429993,454.109985,455.200012,450.369019,65891700
7/20/23,SPY,454.170013,455.100006,451.440002,452.179993,447.381073,70591600
7/21/23,SPY,453.959991,454.170013,452.170013,452.179993,447.381073,71245400
7/24/23,SPY,453.369995,455.040009,452.299988,454.200012,449.379639,54023400
7/25/23,SPY,453.920013,456.73999,453.869995,455.440002,450.606476,55191200
7/26/23,SPY,454.470001,456.98999,453.380005,455.51001,450.675751,71052900
7/27/23,SPY,459.019989,459.440002,451.549988,452.48999,447.687775,92194400
7/28/23,SPY,455.880005,457.779999,452.48999,456.920013,452.070801,80011800
7/31/23,SPY,457.410004,458.160004,456.049988,457.790009,452.931549,62040400
8/1/23,SPY,456.269989,457.25,455.48999,456.480011,451.635468,55291500
8/2/23,SPY,453.25,453.519989,449.350006,450.130005,445.352844,93933400
8/3/23,SPY,448.040009,450.790009,447.369995,448.839996,444.076538,64276100
8/4/23,SPY,450.720001,452.899994,446.269989,446.809998,442.068054,100052300
8/7/23,SPY,448.709991,450.869995,447.98999,450.709991,445.926666,58357500
8/8/23,SPY,448.079987,450.700012,445.269989,448.75,443.987488,71361300
8/9/23,SPY,449.029999,449.200012,444.959991,445.75,441.019318,78789600
8/10/23,SPY,448.190002,451.700012,444.700012,445.910004,441.177612,93005500
8/11/23,SPY,443.970001,446.700012,443.350006,445.649994,440.92038,68664600
8/14/23,SPY,444.700012,448.109985,444.380005,448.109985,443.354248,47867400
8/15/23,SPY,446.269989,446.640015,442.299988,442.890015,438.189697,75707500
8/16/23,SPY,442.459991,444.179993,439.529999,439.640015,434.974182,80107200
8/17/23,SPY,441.160004,441.429993,435.75,436.290009,431.659729,95711300
8/18/23,SPY,433.369995,437.570007,433.01001,436.5,431.867493,98758400
8/21/23,SPY,437.549988,440.109985,435.320007,439.339996,434.677368,68719000
8/22/23,SPY,441.179993,441.179993,437.570007,438.149994,433.499969,65062900
8/23/23,SPY,439.25,443.670013,439.100006,443.029999,438.328186,68441000
8/24/23,SPY,444.690002,445.220001,436.859985,436.890015,432.253387,88517300
8/25/23,SPY,438.679993,441.299988,435,439.970001,435.300659,102325100
8/28/23,SPY,442.23999,443.399994,439.970001,442.76001,438.061066,61595400
8/29/23,SPY,442.649994,449.450012,442.459991,449.160004,444.393158,83081900
8/30/23,SPY,449.51001,451.670013,448.779999,451.01001,446.223511,69053900
8/31/23,SPY,451.649994,452.829987,450.160004,450.350006,445.570526,66084600
9/1/23,SPY,453.170013,453.670013,449.679993,451.190002,446.401581,58875700
9/5/23,SPY,450.730011,451.059998,449.170013,449.23999,444.47229,55166200
9/6/23,SPY,448.399994,448.51001,443.809998,446.220001,441.484314,70758500
9/7/23,SPY,443.109985,445.549988,442.75,444.850006,440.128876,70355400
9/8/23,SPY,444.899994,447.109985,444.529999,445.519989,440.791748,61659700
9/11/23,SPY,448.23999,448.769989,446.470001,448.450012,443.690674,60180100
9/12/23,SPY,446.950012,448.529999,445.390015,445.98999,441.256775,67565400
9/13/23,SPY,446.220001,447.709991,445.079987,446.51001,441.771271,60199300
9/14/23,SPY,449.070007,451.079987,447.720001,450.359985,445.580414,83430800
9/15/23,SPY,447.140015,447.480011,442.920013,443.369995,440.211884,111761400
9/18/23,SPY,443.049988,444.970001,442.559998,443.630005,440.470062,55752200
9/19/23,SPY,442.679993,443.290009,439.940002,442.709991,439.55658,66514600
9/20/23,SPY,444.01001,444.440002,438.429993,438.640015,435.515625,82562600
9/21/23,SPY,435.700012,435.970001,431.230011,431.390015,428.31723,103976100
9/22/23,SPY,432.450012,434.100006,429.98999,430.420013,427.354156,100829700
9/25/23,SPY,429.170013,432.269989,428.720001,432.230011,429.151245,70874500
9/26/23,SPY,429.089996,429.820007,425.019989,425.880005,422.846466,96168400
9/27/23,SPY,427.089996,427.670013,422.290009,426.049988,423.015259,104705800
9/28/23,SPY,425.480011,430.25,424.869995,428.519989,425.467682,92258300
9/29/23,SPY,431.670013,431.850006,425.910004,427.480011,424.43512,115078500
10/2/23,SPY,426.619995,428.600006,424.459991,427.309998,424.266296,83798600
10/3/23,SPY,425.059998,427.369995,420.179993,421.589996,418.587036,103760600
10/4/23,SPY,422.070007,425.429993,420.559998,424.660004,421.635193,87453000
10/5/23,SPY,424.359985,425.369995,421.170013,424.5,421.476318,70142700
10/6/23,SPY,421.970001,431.130005,420.600006,429.540009,426.480408,113202700
10/9/23,SPY,427.579987,432.880005,427.01001,432.290009,429.210815,80374400
10/10/23,SPY,432.940002,437.220001,432.529999,434.540009,431.444794,78607300
10/11/23,SPY,435.640015,436.579987,433.179993,436.320007,433.212128,62451700
10/12/23,SPY,436.950012,437.339996,431.230011,433.660004,430.571075,81154200
10/13/23,SPY,435.209991,436.450012,429.880005,431.5,428.426453,95143100
10/16/23,SPY,433.820007,437.140015,433.570007,436.040009,432.934113,75433200
10/17/23,SPY,432.809998,438.140015,432.450012,436.019989,432.914246,75324700
10/18/23,SPY,434.190002,435.179993,429.089996,430.209991,427.14563,93559800
10/19/23,SPY,430.950012,432.820007,425.730011,426.429993,423.392548,121323000
10/20/23,SPY,425.980011,426.540009,421.079987,421.190002,418.18988,123845800
10/23/23,SPY,419.609985,424.450012,417.799988,420.459991,417.465057,92035100
10/24/23,SPY,422.649994,424.820007,420.73999,423.630005,420.612518,78564200
10/25/23,SPY,421.890015,421.920013,417.019989,417.549988,414.575775,94223200
10/26/23,SPY,416.450012,417.329987,411.600006,412.549988,409.61142,115156800
10/27/23,SPY,414.190002,414.600006,409.209991,410.679993,407.75473,107367700
10/30/23,SPY,413.559998,416.679993,412.220001,415.589996,412.629791,86562700
10/31/23,SPY,416.179993,418.529999,414.209991,418.200012,415.221191,79665200
11/1/23,SPY,419.200012,423.5,418.649994,422.660004,419.649414,98068100
11/2/23,SPY,426.579987,430.920013,426.559998,430.76001,427.691742,94938900
11/3/23,SPY,433.140015,436.290009,433.01001,434.690002,431.59375,100110800
11/6/23,SPY,435.470001,436.149994,433.679993,435.690002,432.586609,67831700
11/7/23,SPY,435.690002,437.589996,434.51001,436.929993,433.817749,64256100
11/8/23,SPY,437.549988,438.089996,434.869995,437.25,434.135498,61746000
11/9/23,SPY,438.429993,438.470001,433.399994,433.839996,430.749786,83174400
11/10/23,SPY,435.980011,440.929993,433.829987,440.609985,437.471527,89462200
11/13/23,SPY,439.230011,441.329987,438.420013,440.190002,437.054565,52236100
11/14/23,SPY,446.320007,450.059998,446.089996,448.730011,445.533752,97176900
11/15/23,SPY,450.109985,451.380005,448.799988,449.679993,446.476959,77327600
11/16/23,SPY,449.220001,450.559998,448.119995,450.230011,447.023041,66665800
11/17/23,SPY,450.23999,451.420013,449.290009,450.790009,447.579041,83133200
11/20/23,SPY,450.529999,455.130005,450.519989,454.26001,451.024353,69936200
11/21/23,SPY,453.179993,454.130005,451.959991,453.269989,450.041382,49244600
11/22/23,SPY,454.980011,456.380005,453.890015,455.019989,451.778931,59394900
11/24/23,SPY,455.070007,455.5,454.730011,455.299988,452.056885,29737400
11/27/23,SPY,454.649994,455.48999,454.079987,454.480011,451.242767,50506000
11/28/23,SPY,454.079987,456.269989,453.5,454.929993,451.689545,62115000
11/29/23,SPY,457.149994,458.320007,454.200012,454.609985,451.371826,63146000
11/30/23,SPY,455.480011,456.76001,453.339996,456.399994,453.149078,79752700
12/1/23,SPY,455.769989,459.649994,455.160004,459.100006,455.829865,89097900
12/4/23,SPY,455.600006,459.119995,454.339996,456.690002,453.437042,72430900
12/5/23,SPY,455.26001,457.589996,454.869995,456.600006,453.347656,69793500
12/6/23,SPY,458.809998,458.839996,454.309998,454.76001,451.520782,69124700
12/7/23,SPY,456.910004,458.899994,456.290009,458.230011,454.966064,66995400
12/8/23,SPY,457.459991,460.75,457.209991,460.200012,456.922028,83080900
12/11/23,SPY,459.690002,462.170013,459.470001,461.98999,458.699249,65002200
12/12/23,SPY,461.630005,464.200012,460.600006,464.100006,460.79425,68327600
12/13/23,SPY,464.48999,470.76001,464.119995,470.5,467.148651,93278000
12/14/23,SPY,472.5,473.730011,469.25,472.01001,468.647888,119026000
12/15/23,SPY,469.48999,470.700012,467.429993,469.329987,467.876282,141319300
12/18/23,SPY,470.980011,472.980011,469.890015,471.970001,470.508118,70375300
12/19/23,SPY,472.529999,474.920013,472.450012,474.839996,473.369232,55761800
12/20/23,SPY,473.959991,475.899994,467.820007,468.26001,466.809601,102921000
12/21/23,SPY,471.329987,472.980011,468.839996,472.700012,471.23587,86667500
12/22/23,SPY,473.859985,475.380005,471.700012,473.649994,472.182892,67126600
12/26/23,SPY,474.070007,476.579987,473.98999,475.649994,474.176697,55387000
12/27/23,SPY,475.440002,476.660004,474.890015,476.51001,475.034058,68000300
12/28/23,SPY,476.880005,477.549988,476.26001,476.690002,475.213501,77158100
12/29/23,SPY,476.48999,477.029999,473.299988,475.309998,473.837769,122234100